{"cameraMode":{"drawMode":0,"name":"Shaded","section":"Shading Mode"},"sceneLighting":false,"audioPlay":false,"sceneViewState":{"m_AlwaysRefresh":false,"showFog":true,"showSkybox":false,"showFlares":true,"showImageEffects":true,"showParticleSystems":true,"showVisualEffectGraphs":true,"m_FxEnabled":true},"in2DMode":false,"pivot":{"x":0.6085485219955444,"y":1.5986814498901368,"z":6.813742160797119},"rotation":{"x":-0.017803411930799485,"y":0.943280041217804,"z":-0.05127902701497078,"w":-0.3275282084941864},"size":2.6027915477752687,"orthographic":true}