{"cameraMode":{"drawMode":0,"name":"Shaded","section":"Shading Mode"},"sceneLighting":false,"audioPlay":false,"sceneViewState":{"m_AlwaysRefresh":false,"showFog":true,"showSkybox":false,"showFlares":true,"showImageEffects":true,"showParticleSystems":true,"showVisualEffectGraphs":true,"m_FxEnabled":true},"in2DMode":false,"pivot":{"x":0.714532732963562,"y":2.3362717628479006,"z":3.206211566925049},"rotation":{"x":0.013698200695216656,"y":0.986298680305481,"z":-0.11473295092582703,"w":0.11772680282592774},"size":2.345750570297241,"orthographic":true}