{"cameraMode":{"drawMode":0,"name":"Shaded","section":"Shading Mode"},"sceneLighting":false,"audioPlay":false,"sceneViewState":{"m_AlwaysRefresh":false,"showFog":true,"showSkybox":false,"showFlares":true,"showImageEffects":true,"showParticleSystems":true,"showVisualEffectGraphs":true,"m_FxEnabled":true},"in2DMode":false,"pivot":{"x":0.07899290323257446,"y":1.8487670421600342,"z":3.295445442199707},"rotation":{"x":-0.001245112856850028,"y":0.9547932147979736,"z":-0.2972433865070343,"w":-0.0040106866508722309},"size":1.5880944728851319,"orthographic":true}