{"cameraMode":{"drawMode":0,"name":"Shaded","section":"Shading Mode"},"sceneLighting":false,"audioPlay":false,"sceneViewState":{"m_AlwaysRefresh":false,"showFog":true,"showSkybox":false,"showFlares":true,"showImageEffects":true,"showParticleSystems":true,"showVisualEffectGraphs":true,"m_FxEnabled":true},"in2DMode":false,"pivot":{"x":-7.307868957519531,"y":0.44606339931488039,"z":1.945258378982544},"rotation":{"x":0.24865210056304933,"y":0.6465151309967041,"z":-0.23585572838783265,"w":0.6815892457962036},"size":13.334152221679688,"orthographic":true}