{"cameraMode":{"drawMode":0,"name":"Shaded","section":"Shading Mode"},"sceneLighting":true,"audioPlay":false,"sceneViewState":{"m_AlwaysRefresh":false,"showFog":true,"showSkybox":true,"showFlares":true,"showImageEffects":true,"showParticleSystems":true,"showVisualEffectGraphs":true,"m_FxEnabled":true},"in2DMode":false,"pivot":{"x":-2.1789467334747316,"y":2.6922245025634767,"z":1.4232591390609742},"rotation":{"x":0.006300464738160372,"y":0.907397985458374,"z":0.013611867092549801,"w":-0.4200015962123871},"size":7.244753360748291,"orthographic":true}