{"cameraMode":{"drawMode":0,"name":"Shaded","section":"Shading Mode"},"sceneLighting":true,"audioPlay":false,"sceneViewState":{"m_AlwaysRefresh":false,"showFog":true,"showSkybox":true,"showFlares":true,"showImageEffects":true,"showParticleSystems":true,"showVisualEffectGraphs":true,"m_FxEnabled":true},"in2DMode":false,"pivot":{"x":-6.216829299926758,"y":2.9367213249206545,"z":0.535155713558197},"rotation":{"x":0.11849509179592133,"y":-0.02383296936750412,"z":0.0028482971247285606,"w":0.9926657676696777},"size":6.564149856567383,"orthographic":true}