{"cameraMode":{"drawMode":0,"name":"Shaded","section":"Shading Mode"},"sceneLighting":true,"audioPlay":false,"sceneViewState":{"m_AlwaysRefresh":false,"showFog":true,"showSkybox":true,"showFlares":true,"showImageEffects":true,"showParticleSystems":true,"showVisualEffectGraphs":true,"m_FxEnabled":true},"in2DMode":false,"pivot":{"x":1.5896936655044556,"y":5.741317272186279,"z":13.419448852539063},"rotation":{"x":0.31086772680282595,"y":0.6046551465988159,"z":-0.27680128812789919,"w":0.6790693402290344},"size":19.600433349609376,"orthographic":true}