{"cameraMode":{"drawMode":0,"name":"Shaded","section":"Shading Mode"},"sceneLighting":true,"audioPlay":false,"sceneViewState":{"m_AlwaysRefresh":false,"showFog":true,"showSkybox":true,"showFlares":true,"showImageEffects":true,"showParticleSystems":true,"showVisualEffectGraphs":true,"m_FxEnabled":true},"in2DMode":false,"pivot":{"x":0.7605610489845276,"y":1.061224341392517,"z":-13.194352149963379},"rotation":{"x":0.24447248876094819,"y":-0.6340734958648682,"z":0.22166699171066285,"w":0.6993189454078674},"size":9.543194770812989,"orthographic":true}