{"cameraMode":{"drawMode":0,"name":"Shaded","section":"Shading Mode"},"sceneLighting":true,"audioPlay":false,"sceneViewState":{"m_AlwaysRefresh":false,"showFog":true,"showSkybox":true,"showFlares":true,"showImageEffects":true,"showParticleSystems":true,"showVisualEffectGraphs":true,"m_FxEnabled":true},"in2DMode":false,"pivot":{"x":608.919677734375,"y":327.08929443359377,"z":130.29014587402345},"rotation":{"x":0.0398574024438858,"y":-0.03895874693989754,"z":0.0015556474681943656,"w":0.9984422922134399},"size":905.8470458984375,"orthographic":true}