{"cameraMode":{"drawMode":0,"name":"Shaded","section":"Shading Mode"},"sceneLighting":false,"audioPlay":false,"sceneViewState":{"m_AlwaysRefresh":false,"showFog":true,"showSkybox":false,"showFlares":true,"showImageEffects":true,"showParticleSystems":true,"showVisualEffectGraphs":true,"m_FxEnabled":true},"in2DMode":false,"pivot":{"x":-0.12506169080734254,"y":0.9612717628479004,"z":0.24429678916931153},"rotation":{"x":0.0812329575419426,"y":-0.30726176500320437,"z":0.02633539028465748,"w":0.9477813243865967},"size":2.2589833736419679,"orthographic":false}