{"cameraMode":{"drawMode":0,"name":"Shaded","section":"Shading Mode"},"sceneLighting":false,"audioPlay":false,"sceneViewState":{"m_AlwaysRefresh":false,"showFog":true,"showSkybox":false,"showFlares":true,"showImageEffects":true,"showParticleSystems":true,"showVisualEffectGraphs":true,"m_FxEnabled":true},"in2DMode":false,"pivot":{"x":-0.12506169080734254,"y":0.9612717628479004,"z":0.24429678916931153},"rotation":{"x":0.14241419732570649,"y":-0.2680802643299103,"z":0.04010516777634621,"w":0.9519606232643127},"size":2.2589833736419679,"orthographic":false}